{
    "eval_accuracy": 0.3295362082994304,
    "eval_loss": 1.099219799041748,
    "eval_mem_cpu_alloc_delta": 1069056,
    "eval_mem_cpu_peaked_delta": 245760,
    "eval_mem_gpu_alloc_delta": 0,
    "eval_mem_gpu_peaked_delta": 34870784,
    "eval_runtime": 32.4429,
    "eval_samples": 9832,
    "eval_samples_per_second": 303.056
}